age,salary,purchase_history,feature_4,feature_5,purchased
-0.2580444117188114,-1.1050833638502018,-0.9118666867709029,-0.9982500466087137,0.32617807480935396,0
0.4239468045742709,-1.2796398762169834,-1.8725303013043533,-0.8346532885204503,0.608991623545756,0
0.50807556320013,0.8753275693631262,-0.027094696380871176,0.9113455269583869,-0.3761333279993355,0
-1.2873473904890025,0.9688232059247508,0.7491848583384558,-1.172264924689841,-1.7017804290237548,1
0.3784558654679417,-1.8585489930627235,-2.3465385382321635,1.0572002472060915,0.8641321303760197,0
1.6738158839091621,1.1934744551228822,-1.2053083816107486,0.6338673233330432,-0.23055805900236484,0
1.0977053016093536,-0.7873595135089778,-2.275204728632773,-0.32152455114262113,0.5486024498992752,0
-1.234542851776523,-0.1958939761292566,0.49781016205853834,0.8092441101561364,-0.6843967671418747,1
1.104440735596233,1.3006274063118697,-0.5090265805493285,-0.5294608596014538,-0.4861247529305103,0
1.9484306680231056,2.543282010135363,-0.4377750451924605,-0.8484187743726171,-0.849425476404375,0
-1.0544866509172184,-1.4581244418788766,-0.03307360513877376,-0.6003255076910475,0.3941494140521589,1
1.0532137628475822,1.1908673657341815,-0.6128202819839619,1.4189011088137655,-0.48421951739711866,0
-0.32259413366275164,-1.0851095845812313,-0.7024391142855331,-1.090125518725492,0.3588446770763419,0
1.3972315389692824,0.43823737651692474,-1.6875040528043157,0.17094360638255326,-0.02503756361933721,0
0.874316040340677,0.26959499730371866,1.603636303167323,0.7998155934884105,1.3959342014622342,1
-1.0975644644525173,-0.10610087708983419,0.23448215392290045,-1.1314220645811306,-0.782952857267241,1
0.38065222712811453,-0.8771084296865169,0.716650649272027,0.27905945820756634,1.558389772127743,1
-0.12558108469777696,-0.5449610748897601,0.958782086586792,0.6553100651594245,0.9076177308496631,1
-0.38340496175623695,0.20422589283785325,0.41576688903527215,-1.201353665714572,-0.32513675782713664,0
-0.017447544287999123,1.2149371643000808,0.6367681088458548,1.1549054279327526,-0.8285275405454804,0
1.6212471818881635,0.40693246976328995,-1.6621640323111126,1.052059299082649,0.22360022210627306,0
-0.5548458653783155,-0.08809340527687122,0.26369631106628794,-2.2485699447423935,-0.2863971481654895,0
-0.8057441713526289,0.3810284519083975,1.1200446889305986,-1.8112795400309727,-0.5074100970371209,1
0.760554933550154,1.914842367761935,0.2884429517963026,-0.7219466386046394,-0.9609103371178976,0
-0.004600267245700637,-0.04158022528337612,0.9841976447873767,1.5232801716880522,0.5558663569885811,1
-0.9550582557088589,0.07754309251233142,0.21804147896153772,-0.7976698123971929,-0.8345952726023765,1
0.383881427009725,0.8632374591216987,1.2797725078330338,-0.9161701496567768,0.21279167496159607,1
0.43884363484550476,0.5019144873675914,-0.3141813839312828,0.25181907573286566,-0.2382980224543825,0
-1.5799105872759276,0.3003503303106833,-0.07780823579245555,1.3309083552795653,-1.775448775620876,1
-0.8847322378346767,0.3444147966042566,0.6934138589270588,-0.31029440500681715,-0.7710049797876215,1
0.6542751707002474,-0.6995998983312081,-1.6992128368014872,0.005353594399815059,0.36333549408618093,0
-1.1320380556938097,-1.179131565524759,0.34720744598530345,-1.1544851351951757,0.26022869631159207,1
-0.39868827209422464,1.6281071643703513,1.780100538814697,-1.0668379547578057,-0.9643936010144082,1
-1.1977666422010302,-0.8467056263452661,0.3870522427323927,0.6826723158236263,-0.0935214170646076,0
0.9171131249512097,-0.9432266442335255,1.2477412609945309,1.6725821863251087,2.394340536764172,1
-0.4113100091985771,-0.6618358090043549,-0.4525774547575086,-0.610945341861919,0.009168156401229265,0
0.6258628282264896,1.7855672859133676,0.3925476070605501,0.19508993493081428,-0.9071493461880213,0
-0.6012949446803808,0.6737372735997053,1.851414817954315,-1.8803125529503142,-0.20970747219698208,1
-0.03420199668347755,0.0536330089155966,1.441490614132521,1.4763749604843726,0.6805754634075285,1
1.4167132729844938,0.6347656252671964,-1.4759292172179008,-1.5725827410274889,-0.08114211774988636,0
0.9293018589886948,1.0694285911702723,-0.47106248845350945,0.3407332305350569,-0.40805501893133866,0
-0.4170742128715187,0.6889135157268336,0.6578338766838538,-0.7156576758134938,-0.6865156921606343,1
-0.6008078339480627,-0.5193718162189764,-0.019560549834860403,-0.9343853667352727,-0.0704315262276812,0
0.9733636268152436,-0.07489462046531345,1.8430566573265208,0.7949761228259311,1.9394418577111223,1
0.7773501553940344,0.3519395921932253,2.0126698464903696,-0.7577469443565666,1.4454532737442936,1
0.5631837221785188,0.5638984452340078,-0.41491127387858123,1.443746220563151,-0.2361118295861003,0
0.1583793781469336,-0.16696441577319035,-0.5546350922827487,0.9446585972732263,0.00986750780215805,0
-0.9752461072512107,0.1420359291052137,0.7318360159344174,1.1648120161884752,-0.6422858749917041,1
-0.4998975913100364,-1.4012429855582305,0.01913474814539909,-2.7687475803883053,0.8769888108329008,1
-0.09590503042735012,-1.0477432575493808,0.7293103377168471,1.528604886271406,1.2891147942039818,1
-1.052647120470113,0.7446614531286606,0.6590432574366538,0.9464674432093213,-1.3219793059674756,1
0.04917878065104896,-0.20929969723266825,-0.47093379580611916,0.5911662526989169,-0.0060222448858859865,0
0.02038428764712614,-1.1592799413734383,0.8380675772572206,0.6251614635175741,1.5589190114860956,1
0.9219892765856297,1.1404644533721775,-0.4711270772572332,1.9610709297123354,-0.4820070634278821,0
0.6265443108186228,0.917571452051202,-0.23240378779402054,-0.8577615932546515,-0.41599440311303715,0
-1.8242858279360974,0.414619104932871,0.2191168320098038,-0.006021816045856491,-1.9507504067252797,1
0.8790264043263394,-0.15909575013178603,-1.5195181778571312,-0.5549493010637098,0.15333891583531625,0
-1.5227958028831525,0.8204994259940258,0.8851547483815935,0.8252759082513322,-1.7056167478709736,1
0.6537440166699617,-1.0149947636705225,0.8879884656030127,0.626900762262291,2.0301564111987944,1
0.9339859408153542,0.6367252963099866,-0.9479038793705129,0.6006217117616893,-0.24668360525759944,0
0.22082691450288752,-0.3396500093179401,1.0972139862492845,-0.5870876981182218,1.1045726919058452,1
-0.4472016975829768,-0.47221899923025173,0.8223005332140162,-0.5134018394537664,0.4713837617812631,1
0.17485361250807946,-0.46808630613054314,-0.8622664117041076,1.7933573607124493,0.1471042362510403,0
0.46951554977496696,0.9601617010930338,0.043327859741931235,-1.8688003744419865,-0.4545246441070972,0
0.6313795842125492,0.9300932752358722,-0.27696898211869136,-0.6073705648384785,-0.44698301549218344,0
0.4797942511097107,-0.5486957812905587,0.5250379574268341,0.1977762320337601,1.2372964076354547,1
0.6214808939253685,-0.7144868202502069,-1.6977195576032746,1.7103646707994975,0.3481096506789405,0
0.6184192912542072,-0.017619195031951935,1.193159967234824,1.6421071587967366,1.2156006166409032,1
-1.7777072803084342,0.6725543697831408,0.7309553990754115,-0.33728533408795414,-1.8812074369916743,1
-1.2078431515077204,0.32420832636774954,0.3223369659747176,-0.6380343153557855,-1.2447966231682348,1
-0.48474734486518173,0.002284125995236436,0.20245509555906835,1.3850537672872985,-0.33996546967301144,1
0.4772120304542863,-0.8697243057465421,-1.656061086138379,0.1505400447545146,0.384602270377475,0
-0.8571642224320077,0.6480953252897295,1.6032115058736773,0.381177222210686,-0.5516250683859686,1
0.40512459790956723,0.8136993477191076,-0.07587553356624897,-1.7962159924937204,-0.4381318927168749,0
-0.15598422592862124,-0.2876952639746716,-0.4153250274548315,0.07778601347397474,-0.09073914528070055,0
-0.6993946682480329,-1.0755758874662567,-0.4462733613954788,1.2700106148183854,0.13951849793537863,0
0.9951361115952354,1.9793251324026917,0.1491055341990685,1.7695653989149103,-0.880331026898695,0
0.06635175349878979,-0.4488755052461392,-0.7596086075762735,-0.37145371746500094,0.0836580622045364,0
1.18743010423937,2.1700316915003746,-0.03725148840890049,-0.23998706799279865,-0.982862181165463,0
-0.5042460638408947,0.479523444506632,0.804683292357521,0.9476030654666776,-0.49072580723043413,1
0.17597602731564424,0.4374413928488705,1.362881242343624,-2.6720588388347455,0.4687788382468183,1
-0.634653513117014,-1.121812645048577,0.5436342507395239,-0.2611323192387604,0.766456631896387,1
0.7218663228185822,-0.8410656609172885,-1.8792053944885312,0.8450384152576397,0.4639766961983865,0
0.14966101962859302,-1.1855848241289342,0.47516956795218196,2.149191154416315,1.5104489536364627,1
0.42783752422015875,-1.0529088489878975,-1.4733517545714916,0.9043386767146572,0.6092657026154632,0
-0.6247309854165113,-0.6052826468977245,-0.11779398016224416,0.8615577356320248,-0.0630868445976898,1
-1.8239114617244956,0.3355931809856059,0.7776668351789411,1.416722177328807,-1.580106289256487,1
0.26561552738615135,0.20061342075984137,1.4864538225355726,1.1561601853072179,0.8404977505647975,1
1.521750583640059,0.21510029439756598,-1.9506800499237296,-0.8144429661528518,0.16110970871536762,0
0.8667607932627373,0.5749557616975841,-0.77404292027537,-0.23248887878659671,-0.15795517247572716,0
-0.4730616612059288,-0.5589014306900801,0.524224632428424,1.211491619110753,0.37194179569133246,1
-0.5678150165373053,1.2409053327377328,1.0780454954652579,-0.9265471384723869,-1.124766024546463,1
1.1472597323277258,0.4318675153537662,-1.320969325529142,0.7688519548377225,-0.05451025774907281,0
-0.6480013511792739,-0.4984020865378037,0.1624687906497154,-1.6177129643343222,-0.03727348841525144,0
-0.844796363763725,-0.19137578564080396,0.19079337437335547,-1.7327801771077906,-0.493388287389098,1
-0.07006348712304371,0.04429188408026051,1.4073433714633874,-0.5043852832332902,0.6384297671669427,1
2.2300474652002205,1.5065976012479043,-1.646787279728735,-0.32593521275283455,-0.24985324273917264,0
0.5818608176680689,-1.4941158379517432,1.1407102704095533,-1.0622607364751526,2.551185923981325,1
-0.1655028852467778,-0.46829731127333735,0.32249276741283306,1.1518093561504068,0.46177700598029403,1
0.34339424398816654,0.7226763833632873,-0.16278393549210263,-0.18950506640289627,-0.4546598685443661,0
-1.0683001109594823,-2.0615710616222267,-0.6542647098617806,-1.8789313287100549,0.6237035603151613,0
-0.04849600459388435,-0.2618253788755117,0.6694354257579045,0.06090373082701009,0.557403090305324,1
0.3505980244130981,-0.48913789324485113,1.011559106554872,2.3260927674462692,1.319790587738574,1
-0.7638970974127346,1.186796249473049,0.9502932699856026,-0.390564195558969,-1.321143487039417,1
0.03082752026954971,-0.5877615258736331,-0.8418197822817259,-0.3482014335900015,0.13895130584306842,0
-0.4784815687637689,-0.670705281594109,0.39497345913359333,0.5243663554469202,0.4043548681188335,1
0.9784716605502191,0.5987940999095035,1.7967803655328594,0.10684570025196077,1.2822777296954253,1
-0.20751429417137243,-0.8079969178779818,-0.7200311753757007,-1.7513811016010794,0.1929903392514516,0
-1.8621035903967904,0.16379237460556031,0.3366926117000274,0.8352010224268613,-1.685947213852433,1
0.5452165617180166,0.8273204609791152,-0.2505901179679253,0.3392390436871092,-0.4148785828833211,0
2.0909294470606783,1.9896107544239519,-1.1417452046524248,1.3830797725231139,-0.5672910997493467,0
0.8507150559589594,0.595018599011063,-0.8231599604198756,0.25469234843932964,-0.21765231907983562,0
-0.1858528365535392,-0.3610194926413771,0.7823048367703577,-1.393743600036079,0.5848966202285482,1
1.464124505487697,0.22188868069341358,-1.8626774898052318,1.115771296755856,0.14835832810135524,0
-1.5625476197448915,-1.3895410400952277,-0.43723209297167864,1.6863577788285005,-0.35090548478075434,1
0.15879331556328277,0.03948551652018963,1.2943531191863145,-0.5487443859828953,0.7932489945228646,1
0.11229101396194603,0.2950727442292803,-0.18965348316461272,0.6239641947897616,-0.27644550734915646,0
0.41719350634478153,-0.0018190646878349186,-0.8690551597409472,-1.1973166926188967,-0.07518461183831757,0
-0.08015295751126285,-0.39212517559375054,1.0701353142661212,0.40036908438288704,0.8636364001309818,1
-0.5533968798872799,0.08294720930385885,0.670246742276578,0.39348547001915085,-0.2317757687000976,1
0.33234611205041803,-0.789334881075494,-1.3586018505157011,-0.8088420892427881,0.3329707646500963,0
0.8027299085859191,1.625782591996156,0.030994354259579176,-0.3432127920601215,-0.7849436994669403,0
1.1624133455834873,0.6772804008757356,-1.1556986087553496,0.6261144627804316,-0.18533647484616064,0
-0.18745677406830585,0.3038346573155253,1.5825634319445163,-0.6190384761401406,0.3778414816957368,1
-0.17539151613984114,-0.6931114607549612,1.1872638430249751,-0.15158451092089212,1.1229544504970355,1
1.2415521230542166,0.5619079278994561,-1.129490386398738,0.21199359666885145,0.010320437198995457,0
-0.40836225875893434,-0.14974099389134504,1.1088686807926431,0.011204763527406174,0.3535672604788403,1
0.2790379259021956,-0.18592672982831562,-0.8977764954091924,-0.091193889646922,-0.04300601038312095,0
0.47315948444914074,-0.7206244598588921,-1.3305514627429698,1.1580961111145316,0.4120522892780238,0
-2.039920353472494,0.5929083645912813,1.264398753455215,-1.5013550788449979,-1.764277012341721,1
-0.5935495493279973,1.119987125143376,1.396812609927302,0.19205957160918996,-0.8653241731328171,1
-0.17887148399909034,-0.24303183803724437,-0.4439536009456177,2.5900407703848827,-0.16914936907012074,1
1.2091582762377355,1.6563148182164897,-0.3332330344792422,0.8294383806116803,-0.6335060317630343,0
1.5645877485204507,0.255752282729745,2.195219817859723,-1.3506098153021915,2.355610751219021,1
0.052075691391831685,0.40423495106622936,0.016250538376458738,-1.8585562085929388,-0.32604481443759314,0
0.05553504015875836,-1.636782377174676,-0.41840734153859716,1.8302695748312638,1.3781250694114957,1
-0.18321104342206596,0.7643893391585541,0.648203253153829,0.5576856242762217,-0.5483664294105772,1
-1.4282839334062452,-1.394857426643391,0.19866247907276507,0.07031482408535616,0.11381743404238362,0
0.48068129797530507,0.7892943115253782,-0.2174627641177513,-0.28887330650111215,-0.42060827822915176,0
-1.0903479695453846,-2.155888014482335,-0.7821124088924988,0.9272806281264928,0.6250531435201883,0
0.3846259067951966,-0.6987466057848685,0.7983279736495398,0.5264063678995627,1.4365078664075284,1
-1.2373930589032769,0.7311277870716324,0.5517356751640851,1.7686843445675837,-1.5355222038876963,1
1.141510624214401,1.61659885791252,-0.2551766855522845,1.0484626457758106,-0.6167212831973864,0
0.4146138021610721,0.338743823358874,-0.547581210880589,-0.2948643165134594,-0.2296585003298992,0
-1.945353931812801,-1.0690208951975677,0.2909480301194552,-1.0562321241020625,-0.6202156679397627,1
-0.28056863944634713,-1.564544985399925,-1.286996525869417,-2.2872608200395197,0.5417087334430869,0
0.8056957935597596,1.5897929313584684,0.03406200312440918,-1.1636328819323671,-0.7465490298181303,0
-0.9387206459560922,0.5915380641979575,1.409594071584265,0.36061553769889143,-0.675418900676191,1
-0.04769764584170572,-1.2433461534117576,-1.1737648509040879,-1.369143669100488,0.5114801679814281,0
1.877449830952235,1.5065450239654128,-1.295022947459664,1.1553003854473853,-0.3873130257466505,0
1.1270152341034023,1.0486821663934731,-0.8361188901025934,-2.2234402937158686,-0.4001112472695482,0
1.430043188181261,-0.10622308344432121,-2.0666207952758398,-0.35795243704012064,0.3195898456522334,0
0.9382596275974342,0.5167002574523974,-0.8972211245105424,0.07408262189630732,-0.10239020511125758,0
0.6517949829566159,-0.5209124083307717,1.1420042599922589,-0.1306150519583904,1.6953259373146448,1
-0.6395104591478742,-0.9725600904707197,0.4950733827175353,-0.29712235856795405,0.5950988684242887,1
-0.12721970802917967,0.1033781533379602,1.045298598124281,0.13970570540404367,0.3385061632190354,1
0.5649069129127389,-0.6685335720006396,-1.4073212136788538,1.363292736259667,0.406360555556234,0
-2.086685965821716,0.738962996128765,0.5354432277619071,-1.5843551692791684,-2.331079792766653,1
1.0403258122245511,0.012438806008812855,-1.2516791330886028,-0.258325596881735,0.28081805849181984,0
0.3181384664321596,-0.3959209649110074,0.3662451451214898,0.11715240065566399,0.8603633360109253,1
-1.5152761056995132,0.5903447719081455,0.7019323205575656,-2.2721662712772797,-1.5779138614597135,1
0.4671018951311634,-0.7543520394286162,-1.5683048716426145,-0.9464286393866473,0.3126034483329479,0
-0.1850075366032119,-0.5316371682322473,-0.3578590866402536,1.6037722132795165,0.14381760310582706,0
-1.8009215173906956,-0.5474252803053195,-0.10631008668866011,0.623435098353862,-1.1913161889363055,1
-0.1964655923598777,-0.6417532382418281,-0.6319727375179187,-0.14221963770558774,0.09244337184373182,0
-1.8057008183694563,0.25661700106596697,0.47167032574282874,-1.042699862879695,-1.6505796663074483,1
1.4766637965067515,-0.3126761031166695,-2.186609616947237,1.7897907755388978,0.49421539025537925,0
0.8278915703562248,-0.7443218746402758,-1.8481548910217789,-0.015365804797719694,0.48619333934590675,0
0.16984213697374945,-0.605875662313519,-1.074117602293248,-0.938766058808698,0.16077208524583808,0
-0.25630230724672415,-0.8119480960578377,-0.5119773480943718,1.1964279690520185,0.26203203510924533,0
-1.365718389867178,1.6157352361133588,1.7252121313679059,1.1292964728289305,-1.869320281737989,1
0.3887727419054456,0.7744623856498913,-0.048183565663729486,-0.48486183221762064,-0.40136679480321086,0
0.8613021271926052,0.477753955698413,-0.7572437559723588,0.1294274732232862,-0.06211555079263954,0
-1.0627549624079073,0.15720320463922732,0.45202161787727263,1.0106575970818767,-0.8850085086273511,1
1.470648374299961,1.2551319076900835,-0.9183096044523137,-0.5609245564988181,-0.3235144334911645,0
-1.3814736899485427,-1.6285477290733248,-0.06569677072493643,-1.1350437602829595,0.23799778810837968,0
-0.5956141381592281,-0.0623734882956185,0.6399899482390944,-0.02764024278533349,-0.1490483101500664,1
-1.2312181268759408,1.2946747313972122,0.8460883305824105,-1.438451636124241,-1.907272842576086,1
-1.1823050272087672,-1.0383017776698529,0.3621170015974165,0.31985080379738484,0.0887428862555213,0
-1.6617821847633343,-0.27617953350422964,0.626156400275202,-1.53583208986217,-0.9326723089315523,1
-0.6081191469037864,-1.6270532920643157,-0.4871918181613221,-0.13295956339630216,0.7233902495773553,1
1.4421713194904022,0.8974288163158862,-1.36049991483659,-1.1393694173116125,-0.2452023315372105,0
-0.8468577555574184,0.8603483691596806,0.7501922140619708,0.481984916261867,-1.194317116502481,1
0.793843533217644,-0.416878764384776,1.1747637258525259,0.34167793239161626,1.74461400451319,1
-1.232282051746226,-0.12200648781445729,0.914904414381081,0.23477981025715883,-0.5315362285257054,1
0.22237688050025023,0.3376320303781683,-0.3848657885667446,1.024912039742756,-0.31895689110410513,0
-1.989406850625591,1.3979016865828287,0.7680627339334306,-0.5821090323000663,-2.742122850299026,1
-1.053749179439468,0.06785188725637105,-0.1733974430797755,0.40546671627283726,-1.1231249425729157,1
0.241901725622251,0.03575683296965977,-0.6237837064835373,0.5062515919710586,-0.14185041485820313,0
-1.038785087999129,0.0629256970180204,0.2702186316162949,-1.0337843121315045,-0.8700071860431041,1
0.13400449043986898,-0.5367889406648996,-0.7871488442227891,0.5272523818625832,0.21435497390812727,1
-1.4112298671270582,0.14079769030555528,0.8834604366209985,-0.5909674387486276,-0.9610562768968218,1
-0.6274846781579151,-1.8671139939909018,-1.2323388402302247,0.18347606767269592,0.5384677255008404,0
0.973313468052014,0.5527003357852399,-0.9383707664507334,-0.6329304070720078,-0.12604790956465664,0
-1.7067427979820728,0.2723438547336306,0.6416924270871922,-0.3420737089231972,-1.4846692611743486,1
-0.3490734302321135,-0.44869095646152807,-0.27999622683619924,-0.550840409908862,-0.04404651860171427,0
-1.082701686982026,-0.14222740655486238,0.8900860207895105,-1.422853232893812,-0.38824472661105724,1
0.3669745575903586,-0.18879261301808542,-0.9175481324696585,1.4829036854395383,0.02995668028178392,0
1.733772729024403,1.0834812227549262,-1.4897984105465554,-0.8231244744320647,-0.2219905322512523,0
1.0323420408760988,0.6269751335620992,-1.0868011264365756,-0.22406688412193856,-0.22067500437136336,0
0.5733967980089834,-0.4301061100264245,-1.41224147833084,0.28637411123355805,0.18597683790215802,0
1.2875041595949819,0.22953416305971452,-1.618261830543545,-1.1597082946313053,0.10833702601121405,0
0.17320728430914534,-1.1549170647358176,-1.5570349621789628,-0.1723531871489096,0.4277838618451578,0
-1.264202549520926,-0.366959190268398,-0.12598389417294495,0.16168086302068557,-0.8798341957167278,1
-0.36094601498873646,1.6956554111772937,1.2347527423838582,-0.10755565642989931,-1.2822080355591239,1
0.27862334743885675,-0.3464997248013285,-0.8809582987351424,0.405295575227411,0.11742797401074107,0
0.5661656446955322,1.2880900632399428,0.3691343253689458,-0.33716510435429514,-0.5036746407927278,0
0.7477858530935931,-0.9797669267516441,-2.189967584324183,-0.3855746380674687,0.4545623982447132,0
0.5561688321600339,-0.48853878260696254,-1.2883351439511874,0.01802570122535947,0.2910067085282161,0
0.8982482772146592,1.1434894839624778,-0.40362197099334496,-1.4197020695705214,-0.4709419739193584,0
-1.2679801094896122,-1.4970736576316541,-0.07332948638254715,2.016451278763314,0.21374368858594844,0
-0.7221715366534143,0.6690426420143609,0.7612347329439134,0.07267569662153461,-0.8930394289396448,1
0.27026025877177756,-1.1740144176973721,-1.5558836646043896,-0.925330538080638,0.5355409214369198,0
-0.8526760882039527,-0.8823470459663348,0.12419406350410532,0.56399546305464,0.11785882856505867,0
-0.2577283867465296,-0.9414358971188073,1.174461707968841,0.02497887599981029,1.2755439038001517,1
-0.21207333517236301,-0.4315325527668424,-0.4686161018893956,0.735953210260885,-0.03433511185610593,0
1.3924686771621706,1.1343185296954352,-1.11411545151879,-0.3074851268123005,-0.3845750590671309,0
-0.7935979434741379,-0.6572604241687999,0.07726571686628539,-0.8087512156585981,-0.06569778832673409,0
-0.6100759333762636,-1.3426447836785709,-0.21325100321456036,-1.1911218221600501,0.5974646326074823,1
1.5192441109776382,0.4272979438469583,-1.6664507051361395,1.1945371313997761,0.10844099766598474,0
1.4252725500497165,1.112889623988087,-1.0240653946163345,1.5267524668588544,-0.2865458956809025,0
1.5898887423989594,0.6835701130477421,-1.60147350456796,-1.2087187151269394,-0.03479299862387719,0
-0.3930338291201034,-0.9884298275279637,0.3369777605580582,-0.8777891573984884,0.7526915972553115,1
-0.4061511460483137,-1.9094764118078902,-1.546390252487492,0.2343630611091905,0.6155291859001173,0
-0.08673117879635688,0.7760171862459044,0.41714710093186924,-1.3409384106394213,-0.593067694880987,0
0.9437337245764679,-0.35078400198937437,-1.5554360071410518,0.4907133712717891,0.3750795574389489,0
0.14559703657562945,0.9299652760208525,0.35670255776698423,0.5783242198601911,-0.5574550032728696,0
-1.3606157618735573,-0.10424847093664324,0.5475466129908381,0.48285925803745083,-0.860501275497852,1
0.5022496852933714,-0.02579560646894274,-0.8898021130704972,-0.8880087299479271,0.014590692522898983,0
-0.642014463166796,-1.4316587191910788,-0.8214253746756722,-0.6902135134434879,0.33057259374826253,0
-2.1163530574510663,0.3552410245823777,-0.2822809380216271,-0.05042831963014678,-2.427943148522657,1
0.032602884322689485,0.810368263194728,0.9010487347913573,-1.1294217260663981,-0.25999796926169016,1
0.014264702687273251,-0.16847958162488338,0.7410949180354062,0.36276124456143455,0.5646108050818747,1
-0.928831128391691,0.979794184784747,1.5992301729113887,0.07391847097091955,-0.9333267020890889,1
0.04685560526260909,0.9406869682972471,1.5271373236605548,1.1605892754709122,-0.0389380981099849,1
0.4178449244702417,0.27158967606815654,-0.5467794099096109,0.6632996581941683,-0.1627349951257095,0
-0.0994810885167751,2.002514108337799,1.4462458246396062,-1.6852952969699866,-1.2206333996887475,1
0.9521546499302427,-0.4321085933092371,-1.7640845673640873,-1.7649693268546958,0.3493503933640865,0
-1.6357437251783369,-0.00032702257859874937,0.36333582740071435,-0.9092960463236129,-1.3088143636633252,1
-0.01088871396598594,0.024833855949649892,1.1948835817214012,1.3060094733113046,0.5987374374505786,1
1.803151317466841,-0.5137199398405573,-2.923320638223406,-1.732785958826182,0.5942847026284209,0
0.3347887124278337,-0.22444255352441927,-0.9805634507900365,-0.24813497355818478,0.0008006412928207815,0
-1.549157019722776,-0.22749899437969623,0.961716949257381,1.164190434962624,-0.6978062195623936,1
-0.1138828224080477,-0.09113038903322299,1.2161573559380032,-1.3835303824164777,0.6251725036275393,1
-0.7972909133722028,-0.13951209366324566,0.8633662405673593,1.3164343826394274,-0.14298684171863843,1
0.05875449143637672,-1.2428374607228765,-1.3606673004821577,1.2766176572955013,0.5098138651186298,0
-2.1860953266110297,0.5871306605066681,-0.22610011275428715,-0.46508733019146964,-2.6816176913152447,1
0.5352640441849826,-0.3669614285232897,-1.058476445448398,1.4575073065392008,0.2784175141991142,0
-0.2589555390838767,-2.3812922088551853,-1.8797858774873148,-0.78932920697011,1.0206075130237682,0
-1.101038375870333,1.7063228067941256,1.162107747899173,-0.25974019417558913,-2.0100320711340967,1
0.047485300594343305,0.5021091468996394,0.8941105245829416,0.08732263764442112,0.041630307442115065,1
-0.520411338151549,0.09709659484629539,0.5842976782387619,1.9658113671653565,-0.2603631244514781,1
0.19478202422922478,-0.33642260303494903,-0.7065510042973365,0.0020493021785288816,0.12322121676711982,0
0.08940670990469245,-0.4967688254161146,-0.8049292485433052,2.193303974321282,0.12615058706392784,0
0.1059616596666761,0.1773191040448032,-0.2334187320805251,0.048328442101024334,-0.19400657815267316,0
-0.43805022618138745,0.9026774974583696,0.9349501804802494,-0.21377227476486538,-0.7613821644306148,0
1.090731790092174,1.5201158484263237,-0.20603077351649693,-0.7217748305514226,-0.5460438279877821,0
-1.4943698044956355,0.5726133323649807,0.9164095682343422,0.8366476522551977,-1.4284671612164248,1
0.121344618838406,-0.3944548772542765,0.6015946671348885,0.3396918388055968,0.8028750059065466,1
-0.9303763891631646,-0.2950086465534881,0.499114846823006,-0.4065267715235566,-0.3107560046569252,0
-0.9617593396630862,0.3757483013700193,0.2758443075067593,-0.5621365617874111,-1.0922893953480755,1
-1.2646687586745304,0.2771073945444908,0.6302277779778734,0.8283429234972955,-1.0894839845016482,1
0.5164019470982251,0.5065690208718062,-0.49377887771843665,0.9838254042548474,-0.26654173422166566,0
-1.0383988600994543,0.8134725724525813,0.3070116850384733,-0.7442352710895291,-1.5602666815013198,1
-0.18553047229216008,-0.6487531001837376,-0.5958796866879119,-2.4112638372414463,0.12819989807908003,0
0.3018015582554651,-0.8475029302358631,0.9005757036505252,-0.7405983929850483,1.5553241298721323,1
1.2643086398157393,0.6440307783792995,-1.0935349593704675,0.6152237856160824,-0.027463293381727146,0
0.31288134775840426,-0.5552457732801127,1.2286603074520583,0.31509740571558337,1.4625867523536007,1
0.8347193639667859,-0.9546408490823465,-2.1275139654527426,-0.48067420890513873,0.5436279073298389,0
-1.8229986128533473,-2.239473600288232,-0.12455805451371778,-1.090809260066308,0.3795877385118288,0
-0.7135288645816006,-0.6971332924591073,0.3001969215687221,0.906232737044591,0.16347229621211268,1
1.1211055775401846,0.8789715948153313,-0.7940435689151368,-0.07978012013576334,-0.222712161156097,0
1.356343378400181,1.2175972687175678,-0.7024713474412676,1.5092308372876047,-0.27871590053896733,0
-1.3794510713675754,-0.20055321766059034,1.157990329473682,1.2228260190119498,-0.4636839717996909,0
-0.0367540018929138,1.4518375034842281,0.910755667503073,0.5202680036564782,-0.9254060400577456,0
-0.023800871490534035,-0.7568637001750784,-0.8414969073980039,1.256134132777586,0.24896656110684184,0
2.202245775909183,1.1039415608010417,-1.9770328700775324,-1.370706300832986,-0.06916068091339009,0
1.36060722173564,-0.1044980833998534,2.1620365363447887,0.43621654358491724,2.4916570775118716,1
-0.4919287883993279,1.4219779345140784,1.6461397904931376,0.41424093426642494,-0.925838760065079,1
-1.3548353241448439,-0.520967104797526,0.8096800827857317,-0.3876673622994034,-0.32224635401485785,0
-1.0007020654427252,0.3719136275925411,0.19264198103500507,0.6687436465415791,-1.1684283881033777,1
1.3754192889059416,-0.6346604714339149,-2.4562410852211833,-0.1622362530675681,0.5632477091722469,0
-1.0259194482431737,-0.8093222005558843,0.11976390186408065,1.147624733644219,-0.1125845585611685,0
-0.02114191610867224,-2.136900024953984,-2.060183806870633,-1.4300300214566037,0.9122184198750101,0
-0.18646766198772735,-0.7362430445333422,0.6020534523791945,-0.5294141429188867,0.8439528417577653,1
-1.3042948325058235,0.858088537901806,1.1529019094645516,1.3074048777012923,-1.398959852827687,1
0.951974309065064,-1.1824827946929246,0.932116940116887,1.3579737716705929,2.4856942673174944,1
-0.5386934932538688,0.1725674399935077,0.29441501743106113,0.1474779964339568,-0.5019255412760143,1
0.0023965742100872456,-0.883992011287708,0.7929715592662399,0.18341759345668848,1.2581021937423922,1
-0.5569971077488421,-0.1685139855039862,0.7923867279234218,1.9581657305655988,0.06744925177940497,1
-0.3018661747916034,-1.5394455202447341,-1.081902894423518,-0.694177431980796,0.6069319199204298,0
0.7957995391699446,0.16827258556638602,-0.9810420821944991,1.7546479760148166,0.0521444565624763,0
1.3283174640229063,0.2174307096770296,-1.6247433444176063,-0.35929446515811275,0.15381901578732776,0
0.0589302305592285,-0.03669796441707006,1.25982708873132,0.7676463592328236,0.7553975471747896,1
-0.46121759599921347,-1.116311457076382,0.4941866914401973,-0.6734836432996105,0.8942770849760676,1
1.1981838282478703,-0.7130727497196123,1.0534581123894167,-1.7199123274194263,2.331778807652513,1
-0.45915187424448606,-0.7691032706621151,0.7998538806951143,0.45362450311371805,0.7294164458546767,1
0.6904874123885576,-0.151191538627265,-1.341995101785478,-0.09366804770727531,0.06673966038121681,0
-2.071113669347766,-1.164518422674104,-0.7285733702674206,1.268260871512316,-1.1847359879684747,1
0.07335647842159361,-1.1912802181978484,-1.4387206622364495,-1.2943659910606546,0.43313981673067226,0
-0.9656238158394937,-0.49688277206293385,0.47854764007313805,-1.7024379442344026,-0.16300002179311626,1
-0.3592832703378402,-0.3005269933865997,0.5837421305478613,-1.3697574398721741,0.2634204440170694,1
-0.20475123313571914,-1.089486519436073,-0.9729901898347467,-2.2752637765902977,0.3279961715438353,0
2.1094253344129035,1.7245652569277807,-1.24811888654516,-0.8009132738001467,-0.3558424280526836,0
2.16302291883831,2.501971034347206,-0.7307164948886976,-0.4513823686615024,-0.768376738234694,0
0.697149528498181,0.12101521770066362,-1.062953677572366,0.34546585176666256,-0.03703239550685838,0
-0.14601339285871803,0.7389802325055884,1.359448354522015,-0.6289851047538526,-0.11385739904348419,1
0.92152248391145,-1.2789788452829094,1.4555340090871423,1.7268248544268245,2.82598353370335,1
-0.45361863911993255,-0.13803952659222066,0.038056248513586036,-1.1544905156678096,-0.26562108079386093,0
-1.771896329777755,-0.3425843542509126,-0.22743988185346536,-0.13310648508576514,-1.4225636161041015,1
1.0444788351268286,-0.8190231681161876,1.1942786723239984,-0.5756754591018647,2.3654484788447636,1
-2.0884042256758715,-0.35582714856015407,0.34077702985207353,-0.1422933364928849,-1.3998917816006544,1
0.6460940811902433,-0.11446887735859826,1.3140041188569012,1.1973158559750199,1.396570068947371,1
0.794379758249348,0.6267185518288183,-0.64719252283823,1.6430883627967758,-0.2062442054220748,0
1.4225738828240757,1.6830087247160026,-0.6190982000840802,0.0727955738088723,-0.6141315771666864,0
0.2661898576968223,-0.11193966364613663,-0.7331011074866087,-1.1714520628607707,-0.03766508617628705,0
-0.5927422554034274,-1.2842605671383964,0.7363975378709372,-0.9092944701925384,1.0606078316850132,1
0.38537451017974117,0.5006301968090987,-0.19363142851045903,0.6793111985260702,-0.22237529559588076,0
-0.3301244215233928,-0.17022118157478186,0.19170145007883707,-1.2101365343983457,-0.04052975749689495,1
-2.0566550008832745,0.48733501778720156,0.4881759514474767,0.7983757200463927,-2.090463884387189,1
1.2093631146340535,-0.735947918824835,1.4590612870312225,1.6433983351711858,2.5782908870741794,1
0.49101401966650865,-0.65679813863893,-1.4454968393386278,2.019475000434998,0.3072360079479379,0
0.6536460820876646,-0.29247563485032796,1.325702542608282,1.5380091408006509,1.5781010874711718,1
-2.7308425760625985,0.3018701580035825,-0.03182945590880612,0.7937383961848639,-2.8089427658112625,1
1.0305910859664025,-0.35437947490181276,-1.8957011855336556,-0.7738658344446083,0.2781650844657742,0
-2.095121602158076,1.7005760283395295,1.0194842348636004,0.6134016892280045,-2.99247908259789,1
-1.0347459069189924,-0.8790500997080134,0.8196054164768056,1.2078950839319282,0.3155768047312424,1
0.29102157524185573,-1.208016815555422,0.6961961775901798,0.6018587234152245,1.7783671711744564,1
0.033478446119713456,0.8160971720642699,0.32427531788738045,1.647340594999038,-0.5697918028796112,0
-0.4306367494490176,-0.2093845543386543,0.7618394104674159,-0.2361373019880427,0.20593334715072872,1
-0.6403440359588966,0.5501556396559741,0.8480023406382504,-0.7580156324770997,-0.6595469585928897,1
1.3052804620715603,0.5503726396757864,2.1617572185997527,-1.2769875194378928,1.8211637814105028,1
-0.6801241223141176,-1.2946681772945616,-0.6285859954427239,-0.6029675463450598,0.26802235021138776,0
1.0277000697639167,-0.09800266965821129,-1.613487336917631,-0.6443179936873159,0.1822797327021801,0
-0.44318448232163443,0.3457433690028344,1.0214012859791781,-0.08948699212927111,-0.19344499286652816,1
1.8269596010408307,1.577581331568683,-1.2137524212649267,-0.825008960634411,-0.4578607935474131,0
0.37479457900644864,-0.2763322543381493,-0.9440252017935287,0.6585079363359622,0.10594497085033885,0
1.8711713625241506,0.17254389712293608,1.9473723581456825,-0.7360584077670596,2.584592133311492,1
0.20447134712859108,-0.14538370710451545,0.7678947708095463,-2.5540262226046235,0.731521585906148,1
0.9261764845602021,1.8907375757345903,0.20000813862334013,0.613618168860554,-0.832881117923812,0
1.2289405498772923,0.7714681693506333,-1.1347463738967536,0.17836116297653248,-0.2022980456546965,0
-0.07899913317490395,-0.8304266737215463,-0.836321644206348,1.064857712421927,0.27063794905957594,0
-0.6018542150492026,-1.272494803873212,0.24033981511645805,0.3804259761870895,0.7786431604803252,1
-1.4086227326380718,-3.4788985667241583,-1.4696154047505536,1.1573146228020323,1.220839919952863,0
0.5170096883139291,-0.859294004311843,0.686023817005145,1.527172919327178,1.650486615180759,1
1.4614467619927414,1.947929882176246,-0.356723842298725,-0.8505541648696562,-0.6902648895834935,0
-0.47099166084472394,-1.1477448243223998,-0.6195354088360662,0.18778519728362256,0.32576147027966706,0
-0.48722407604806695,0.5201367118524761,1.1655376623517206,0.6858547780664704,-0.32259360274857857,1
-0.4793572257753834,-0.6380965784837677,-0.2818295978345306,0.6694767429521431,0.014596259429883568,0
0.7369065630570022,0.0034159470167909644,-1.1887056298674923,-0.3022134102756496,0.04418081691811182,0
-0.9267102715144893,-0.810599612795633,1.0209855504310634,0.19885790294602962,0.45652992967973266,1
0.5346811145939623,0.4663821619768386,-0.5532781010794269,-0.3837144260745937,-0.2432256946081458,0
-1.2052774906482064,-0.7190393953654065,0.4230542403345875,-0.21172149066342677,-0.20214937442803713,0
0.6364690866506042,1.7339520536403044,0.341560026418697,-0.7109097713586738,-0.8755600656032252,0
1.4052726801198956,0.73982176313703,-1.3124503682986777,0.58147918752893,-0.10453644609535488,0
-0.9833858497397209,-1.4183037253502009,-0.3633277291877863,0.9705833379103338,0.24699429781032128,0
-0.26331181926514974,0.44027926966537806,0.9002387139141179,0.2979612205980618,-0.18189626554048638,1
0.3680925836840148,-1.2965694983668767,-0.1799574170520622,0.3203305144087568,1.469302373747623,1
0.4350252792803959,-0.7674765808740374,-1.2940700696279914,0.5025659895507087,0.4406796158547021,0
-2.111154242335569,-0.10376436189260022,0.2812310907553342,0.792691993190468,-1.6907523281135748,1
0.7004944898790713,-0.5605387323939408,-1.6658612253240546,-0.7723092960075323,0.29184088731339025,0
-0.7856123753758747,0.23093502734572857,1.2210997407155433,0.7476294638496169,-0.2934614884992877,1
-0.4364839919575045,-0.3862104427715682,-0.13751630291270936,-0.36858730523087546,-0.10800053933307842,0
-0.5962861338142571,-0.36420737316109025,0.21091950493098674,0.28732726010668186,-0.0911304905270128,0
-1.4325815785809073,0.34120518047409554,0.6210526922341193,0.29670148188307577,-1.3090995613558405,1
0.01110251822561937,-0.514471098787949,-0.7585741137136425,0.8531162661487807,0.09555391163687968,0
0.23651786261569863,-0.6132958419490887,-1.092378255620851,-0.6564108501128745,0.21932866669795148,0
0.02085645490045816,-0.7004108096865855,0.49505810589442195,0.9529019111074144,0.9437326485176555,1
1.1283471735978254,1.7031495993265586,-0.24236275657404352,0.7211367555124324,-0.703907785527726,0
-1.3703033456698233,0.08641710595781302,0.4266926540983382,-1.0845430395501185,-1.113724213696808,1
-2.5381631644274103,1.0155613818690479,0.3283621987037568,0.5138808376647508,-3.116723270675175,1
-0.8257571934118246,-1.4991870817388961,-0.5169702996753911,-1.139339778439657,0.38690244327376516,0
0.3719414171843417,-1.885847340589368,-2.3499585892811083,0.32743046647607366,0.882169824301111,0
-2.2158095510297318,1.657907562516111,0.35947313558930805,-0.2111444748469732,-3.412104049445605,1
-0.2860248608367799,-0.5486335698110917,0.19506448737856,1.2445846625236061,0.3597370140037426,1
1.7151728127722727,1.7172661235715836,-0.9422222618626995,-1.3218871119089712,-0.5489484559646262,0
-2.4485261883415763,1.1848821901419484,0.8053081089766378,0.942948307674128,-2.9422843220707513,1
2.9974211670149242,3.2826045702584157,-1.0563776807263767,0.3454369625617213,-0.9133807732551937,0
-0.5399792587739696,-0.9378325810089133,0.1570028544407835,-0.0344611927820791,0.4747214816292739,1
-2.0837396158912393,-0.13633620667947854,0.25451614499644143,0.05643622747949659,-1.6489092171475324,1
0.11234989366777351,0.3471824712459513,-0.020537639938575606,-1.1003878172511954,-0.23621059664660432,0
0.19312237023562692,-1.1722452937025372,0.2876561050104208,-0.47933457149860187,1.4385041327635546,1
1.748766194914402,1.4233187032593766,-1.3066681203283559,0.3266349542423386,-0.4328477890623041,0
2.218303884689367,2.622906989756077,-0.7444859071867582,0.0940712228948336,-0.8393383768637263,0
-0.7010217870908116,-1.055146643802325,-0.19844225510478958,0.06959392470785312,0.24982751223259955,1
-1.9390981616343959,0.8862925306232577,0.4319297610184087,-0.32108302657918736,-2.389772708203469,1
-0.44083005079905213,1.0938630045195479,1.278823305246571,0.08213989593069733,-0.7628642775352384,1
-0.8190869966500215,0.8889418659673591,0.5015913223638544,-0.7377267073912193,-1.3274171794301057,1
0.03164667745745941,0.27094190075708546,1.2481149503493874,-1.675367439398711,0.43310462666462735,1
-0.02123706993728457,-1.2209649902243513,-1.353760670658874,-0.2774462669714897,0.4193546824512572,0
0.30043743867159245,-0.33156375001748034,1.2351023768160785,-0.33830303868884404,1.2429513212072394,1
1.284934444627329,-0.08580357591938989,-1.7452569141544771,-0.22095943171913526,0.33712036224898057,0
-0.16938782456417587,1.1350021044800063,1.3269527014760456,-0.3793727866158908,-0.527176072363847,1
-0.13504502969670956,-0.4496923477191205,-0.6141682287852384,-0.18845632048637634,-0.02346718816115761,0
-0.8877489237929203,-0.1538547953356233,0.7818260273810708,1.0791545447482167,-0.2555882491757022,1
1.65410777917746,-1.1766059906117479,1.3108416878067988,-0.30079477860965304,3.3249757778298283,1
0.04517682225662416,-0.7644353336804265,-0.9886530647333346,-1.0174028203465801,0.24157920488166354,0
0.7068958661404692,-1.124455805898693,-1.8138561029626938,1.2384267524566628,0.7529244551652428,0
0.2852961218701803,0.003474154081821531,-0.5085748811443231,1.2203971322426972,-0.010520337792060696,0
-0.5103443660882929,-0.369316202462281,0.17761399424381552,-0.5537743960034164,-0.025037696275043417,1
0.25149910065723935,0.21320564059236213,-0.5180479497338627,0.09641720613507426,-0.24497722241568962,0
-0.46222382315653043,-0.7386713403464307,-0.3033538698296743,0.9279432552037264,0.11408576789749164,0
-0.4077912116876078,-0.44775502222779767,-0.4197855731373559,0.1407654198522583,-0.17279030968930773,1
-0.3754465381570636,-0.06702589797799452,0.5945584655194588,-0.6256689149635464,0.033395986918941176,1
-0.4586034917061844,0.19031656188542104,0.35550195605683016,-0.5722612404930987,-0.41288524788789777,0
-1.1851959596139923,-1.2555025887410745,-0.2983946716217016,0.7666919120595902,-0.05790429250829959,1
-0.5014630242003798,-1.3792516492145446,-0.735564943131653,-0.2208960445514186,0.4554260262715105,0
-0.3924493146748414,0.006804207561534432,0.05721300851893433,1.1788386554700538,-0.3363752747286807,0
-0.4943346908758935,-0.1942461012714089,0.24887949192321804,0.4757337743375431,-0.13826711755983295,0
0.2428780748848326,-1.8388816033540623,0.5138164753637292,0.3836308398426856,2.2345315390893896,1
1.3855101494714952,1.7482353408340576,-0.3701196566002592,-1.33878128651199,-0.5781231213048217,0
0.44867548533015084,-0.4611721956761555,-1.0378818937311176,0.4849958503940928,0.29897039198574843,0
-0.946629561939904,0.5651931192719516,1.0824108856245913,0.8709217158198685,-0.8308699089546778,1
1.0098185412487775,0.11328928641272626,-1.5112674821593903,-0.7432139644894553,0.020052566948433593,0
-1.1611242467329763,-1.5401114831521068,0.0018517042946322511,0.17547228409277377,0.3923181412509687,0
-1.2541332206318798,1.6884600406876598,1.2408641332284718,1.015692071443578,-2.091979704325016,1
-0.09220596983432724,1.0920351401824915,0.7761956776706683,-1.5494489970978111,-0.7070960652447049,0
0.008860033032733182,-1.3193224196440048,0.529708389983734,2.423578873199307,1.5365989713985593,1
-0.7765860152253029,0.8424959870427996,0.8466507694496297,-0.7764675645253281,-1.061890923483345,1
1.1023738920185706,1.3368644520499282,-0.3125411627712484,-1.200971537567788,-0.4183424676708232,0
0.38938837208893556,0.3448428456662403,-0.4554473920147843,1.0958802825218863,-0.20983282202684767,0
-0.08893882343473186,-1.2349589088552755,0.5885898130711584,-0.8430502048118552,1.3981739296244746,1
0.7354519379440225,-0.9739096881403837,1.1127872938199403,0.7615102223792882,2.18522574160817,1
-0.719509620116565,1.4214927929884944,0.7789021619394059,-1.409172763759483,-1.5931304303645493,1
-1.3123065725565017,0.9884244485229551,0.8386879941063339,0.08825510475837749,-1.6958765560787923,1
0.39858855773958646,-0.8416247742825594,-1.3960226569013992,0.2821169742270124,0.4234423946657403,0
-0.6140200202692829,-1.2412470904013473,-0.41551309332104114,-0.6059553488486915,0.39089445533186984,0
0.7552227501545176,0.568940094255374,-0.7289670779313321,-1.4147028630206613,-0.23078898792255925,0
0.2743867015223453,0.35602045163329255,1.3056002435404443,-1.447447820667601,0.6058283175303061,1
0.9895274211031423,1.709955414406943,-0.10214624258894082,-1.173987552063248,-0.7635723433537538,0
-0.7367314898323879,-0.8092726242216725,-0.24672930757252282,0.3509346591785719,-0.04111578454757118,0
-0.7486445781343123,0.034278973552911624,1.3709381202640805,0.0004140649280529127,0.005804112729706925,1
0.3923014139838726,0.7303569861665503,-0.16712936478043092,-0.5322961568564861,-0.4193361013048145,0
0.4769381627534024,0.25978085531901524,-0.5805607079615209,0.28307516449372894,-0.11519812759395787,0
-1.268726277768175,0.9048141020924263,1.305460337832598,-0.2923418576343703,-1.3297991926456767,1
-0.5478366993845561,-0.8807838284636536,-0.20500798948519858,0.1300654379980257,0.22199242705118757,0
-0.5798938442072092,-2.1563573975081156,-1.3066757577473784,-0.34585289655251683,0.8164655320730941,0
0.0297385137382466,-0.046926684783280014,0.8307256427977391,-1.1573315396977983,0.5112386512481363,1
-1.9164296904766023,-1.7363239632434047,0.5154266737460335,-0.5585647542643575,0.15643254993458214,0
-0.26611118281937296,0.4787040096461792,1.3367862627004201,0.31532775807746605,0.010163556466856162,1
0.5695180090497767,1.6321081555324584,0.35059184873918126,-0.5922823442870513,-0.8358792844281473,0
0.9145398632425503,-0.6820373564780313,-1.9714831404116238,0.09939931734608569,0.44154267645094847,0
1.9531505370390385,-1.897032708333217,1.0898970494834634,-0.537793883848462,4.164133483562166,1
0.7069818227743224,-0.7837898893183858,0.7628874224313822,1.1958273496583327,1.7940887727769708,1
-1.0974823470927364,-0.14789121848922598,0.5322051696513902,-0.10104595413435706,-0.5858115813722448,1
1.5168735209832287,1.4578364856296546,-0.8538875076462519,1.926786350950983,-0.43877605955467347,0
0.3975094954764359,-0.6207708324669978,-1.488483823872556,-0.8304032678416388,0.16458296930457214,0
-1.2983644204528284,0.17402399091976845,0.7537262181506293,0.37868089447266057,-0.9575414099997823,1
-0.48558665393606415,-0.17978156710483464,0.08288771302607112,0.78790765364344,-0.2317505658687707,0
-1.5186091963128123,-2.110928193622958,-0.26235359443772105,-0.6719382257811125,0.46444768517825,0
-0.2754009801747289,0.5932593444593303,0.5145611579261229,0.5469870483322972,-0.5417909838539035,0
-0.22455652268223522,-0.20709938432334354,-0.23210613956549814,0.8121264887962175,-0.1329856813905797,0
0.9700743893105622,-0.3045010735313062,1.8515861074913493,-1.6550641779381516,2.158163226208834,1
-1.6749951736530349,-3.291769141513573,-0.9586134394958477,-1.8288564897002744,1.0696862644922813,0
-0.6162002158113089,0.6068804368389553,0.8100491584663037,-0.5749181183878712,-0.7111345107831284,0
-0.8922772462346668,-0.1412809311835949,0.5304546940485595,-0.8235141068716547,-0.4046439821594057,1
0.9046861393563609,-0.9261816663944475,1.2121126763539924,-1.581773521797578,2.347956914835478,1
-0.4686968052850058,1.217226068682958,0.8860571917019363,1.5955590011015537,-1.1129708835000172,1
2.2362999476156786,2.260981164122333,-1.006017987321227,-0.3010452733894156,-0.6187874703067426,0
0.660322074731403,1.1491372593047915,-0.12568261033392797,-0.5146715693472731,-0.5476051369924484,0
1.4934443419941472,-0.4372983324339604,1.8165377243845142,-0.2574890925687075,2.7456319052962037,1
-1.5729021282360258,0.8455781007407436,1.0850320173058523,-1.7636671129923698,-1.6695761039930672,1
0.7079999519757278,0.6680812454094055,-0.44026203550565723,1.1710336869134526,-0.21517134758404954,0
1.6312091123185521,2.635212573939222,-0.2774831810696652,-0.23341408868267527,-1.1427495006712187,0
1.112885127644094,1.856766897900622,-0.03378974228182587,-0.4876276190577401,-0.7530763850778585,0
-0.30099754721327043,-1.1747986192176387,-0.8500425206041762,-0.5260645335367888,0.3854219766948444,0
0.9633787536248192,0.7733414438440247,-0.7059518675593772,-0.7819938364199593,-0.22093637540236397,0
-0.1429333401274741,0.12270117330816968,1.1893696475801008,-0.007051252450266091,0.38203180430806943,1
0.944504145409548,0.930255736060908,-0.708758719776712,-0.18191561214984928,-0.3881999486356111,0
0.18691152434014005,-0.4048041462082341,1.1751892333208844,-0.45422384247454645,1.1763424102609548,1
1.659993114406846,0.3370108885660931,-1.9332481544252762,0.8281806230117876,0.18188129816706167,0
-0.457294784026752,-0.97421064342618,-0.545894942761506,0.7738182315570342,0.21311897997931048,0
-0.040297804116423745,-0.1391173257420101,0.8316631402456595,-0.6177941557815584,0.5346720336614867,1
0.5932249582014032,0.6544507234236265,-0.3935082162204786,2.3823895818876277,-0.28288405984156995,0
0.4073423984035419,0.8229583798377315,1.583199213040175,-0.2725255958776791,0.43297935804427407,1
0.422532502639374,0.1997906362301927,-0.5649707745263358,-2.4175400460521668,-0.10012971616716229,0
0.5211287280698552,0.47605136801740355,-0.3577312222715724,-0.3093720700899526,-0.16134656577534343,0
0.44884538243449174,0.5423288499276803,-0.4002511515859803,0.7393301245299965,-0.31289385845269374,0
-0.46358656634099804,1.551942237010636,1.7510587330124128,-0.3738206718223619,-0.9672683695552408,1
1.2889789755648862,0.1808534290274045,1.6903826109905398,0.6356614586923439,1.906388554498076,1
0.8030314099691678,0.042500049557028234,-1.0608015731617313,0.2740180377942103,0.13557216477765158,0
-0.05945332635343747,-0.25273979091984905,0.8912401518945839,1.578710331233057,0.656109582646759,1
0.8861036579858362,-1.0228691079487375,-2.084356069396966,1.4473645214567294,0.6781761435128499,0
0.6363839947159651,0.4859724773443916,1.3041397260130079,1.1063980834585383,0.8143693497033971,1
-0.8020921747187776,0.9162030411479031,1.4367125506579732,1.5246317177591606,-0.8428265049803914,1
0.1564596940250272,-0.9204475650002982,-1.0211347485338398,1.1078835361259556,0.47413479325945806,0
1.6684754077957584,2.064197444805065,-0.6612747815950609,-0.38714895944006095,-0.7713839199697972,0
-0.07838406789357241,-0.27221500064399456,-0.430965348371532,1.0070555406279458,-0.04243489566173469,0
0.09405077149842125,0.1935034696592457,1.2701993516929837,-1.7000188995206638,0.575330780544548,1
-0.8728794054286494,-1.0065924101188357,-0.1470716315271975,-1.3367874655813048,0.07333215929034914,0
0.8212805092727111,-2.052012163663647,0.5302738070748665,-1.1898962962078259,2.975766280426123,1
0.01626314691018181,-1.6172925581669537,0.9581660990546756,1.0146827900041768,2.052001084106748,1
0.7362761130455899,0.6798566347862288,-0.5690077938214959,1.1963073115580045,-0.2684794309183305,0
-0.9335039261466359,0.12629255187787566,1.0217074700202053,-0.40857394274098174,-0.43570388072107635,1
-2.5102825868021212,-0.6899318074617653,-0.3296308265941664,-0.29418906628178654,-1.825742096119695,1
0.2778054268680367,-0.9715511908111838,-1.413273259263257,-0.9156663791184458,0.426375510457677,0
-0.3880037686070057,-0.12626353391810188,1.2826202458245943,-0.5853248431002918,0.4419755779189185,1
1.4169702796257022,0.35586453648395594,1.5218340511181916,-0.10034938977023271,1.7691090206664883,1
-1.2090800199939742,0.767304300249307,0.26731857882174753,-0.9977503786006228,-1.694249482195843,1
-0.03284526793080134,0.05536834147481807,-0.017491564084328205,0.049875635875302166,-0.09178523991726732,0
0.49961666502075924,-0.2994244509075264,-1.100870875779963,-0.6958739268686162,0.15937138977732504,0
0.38644601647039045,-0.3655180669101252,1.1485798630833939,0.42551631345556173,1.3082380120575836,1
-0.26366317145820994,-1.5881088263524918,-1.3140046522170712,-0.8707929423616688,0.5652285351935022,0
-0.5005878698367922,-1.1012359061755141,0.7044288039477749,0.4461426242361693,0.9551197932414118,1
-0.43736855243278233,-0.22443180721799666,0.022601592316202852,0.08234827928624779,-0.17714866319488876,0
-0.6456713820891816,-0.3399437942721985,0.45067616240699193,-0.9089620584390374,-0.03255621299630988,1
0.9399470049057314,0.5488736250765449,-1.0437245983149224,0.027299462581926025,-0.20879687376775008,0
-1.3653076196904406,-0.23895388308785204,0.7158223987485683,1.3422720138642086,-0.6483281970471074,1
-0.9770114663490316,-0.40282802232984655,0.6877659720334076,-1.0769657233774976,-0.15173621649826982,1
0.06758456610171568,-0.7390733911883361,0.8162118053026607,1.9285466620651743,1.193126308262,1
-0.9322419388938818,1.0199771518314835,1.2101214001511449,-1.0208429895401971,-1.180355760535238,1
0.32231261456553517,-0.21237141160621478,-0.8753814662239587,1.4359731371147533,0.03358210361778426,0
0.4830828290816334,0.6186861530492379,-0.30940466220805185,-1.0395729699118723,-0.305641614543696,0
1.9081685408212004,2.3151712386640577,-0.672046373025564,-1.032227972301448,-0.7945234287286679,0
-0.12977837613853913,2.3720014939165,1.6117174396216356,0.26337491396645174,-1.5104555740449286,1
-0.43738802132327015,0.0943842629731395,0.8274364462620802,-0.6524324158618741,-0.05294648623997858,1
-0.3205962963966307,-0.049899512000969516,0.32948954234213845,0.39994146204603687,-0.0727137027762377,1
-0.2942485557895363,-1.0955773493819736,-0.8277132912524727,1.2247510962895576,0.3284810903061896,0
1.2713698062034051,0.9452475975197044,-1.020850494679746,-0.608589442727241,-0.2675009186428328,0
-1.336860594182865,-2.553020488854043,-0.959537168195915,-1.2743476464366548,0.6806351566834825,0
0.34779524322633865,-0.8922127643600141,0.015607574894199993,0.8013276740750851,1.1715920213169613,1
0.5788498202367973,0.01563433571819298,-0.756628753740751,-0.2497565604400854,0.11616547655460666,0
-1.2621273002734077,0.05745946488074128,0.9788613357386242,1.6955986386476183,-0.6948795380198668,1
1.118069084037243,-1.3148062371884701,0.9836717156574906,-0.4498074539519187,2.7906120439080917,1
0.1348702586896109,-0.30608857497354625,0.7797510041125667,0.06544296398123617,0.8259519987011972,1
0.22867647764035523,-0.023203069697647086,0.8613939032788077,-0.21998120632649645,0.6876164043623884,1
-1.1960438613808253,0.9686757267722037,0.5791689737917214,-1.1596380583387305,-1.707795226067632,1
-1.4519081902027282,-1.0555746953280756,0.2633783677865227,-0.7650912752363692,-0.19461471346560938,1
0.9086082378913596,0.6480146590125402,1.722205249225913,1.0077183179290403,1.1321281082250592,1
-0.3424292483074397,-0.21835646319859767,0.8948629984092221,-0.6688073775091284,0.3657671848999853,1
0.3588529470882258,0.07329534819600571,-0.6339033860097757,-2.295493575388231,-0.07537571554926245,0
-2.9865579621451204,0.883584073834757,-0.39392449254172435,-0.43713661734230763,-3.7855911921581202,1
-0.5132835610242877,0.9315573126022891,1.1887051735832526,-0.15078362904749967,-0.7234932522387929,1
0.1487319288099753,-0.19386030827333484,-0.5686113997410085,0.41287307676471013,0.01906338051187878,0
0.45160129222641937,-0.4833100125446309,0.7690464833800558,0.7511782047023066,1.278666646847441,1
-1.3773295272041335,-0.44649630527650475,0.7089477797338964,-1.6945443767265915,-0.46664705036782417,1
1.5028183544032732,2.0414291664375934,-0.41753762850930853,0.12158051607472328,-0.7729275368640984,0
1.640587863528718,1.1989384552528604,-1.1116871216907331,-0.08893139823393614,-0.21668975821560837,0
0.10669166338241748,-0.8615887153280251,1.1377057881508725,-1.0791751816757975,1.5150369368797654,1
-0.49617782906272423,-0.6380600554179798,-0.0801500213050793,0.2443571618737667,0.10583387620017852,0
-1.140054769153449,-0.06870390247550415,0.37315765145002744,0.22065355104301665,-0.7839585675566847,1
1.6456229958686082,1.7213404895505267,-0.6157441068456565,0.5290755942496205,-0.4438961831473951,0
-1.4916790624297085,1.4947791657966716,0.4690692534650596,-0.8498754614373273,-2.535138206126956,1
0.4538104589227817,0.38425856217038623,-0.570512549722987,-0.8082439139624786,-0.2488758874852827,0
0.9659346405083855,0.6232913687197765,-0.8494586533311571,1.029686365674655,-0.15256131710210472,0
-0.7157079967633042,-2.4525340800810995,-1.394335031822569,1.6441750393900036,0.9256353642651703,0
-0.6780390590675022,-0.5179381313322823,0.13477309199946577,0.5089036957154391,-0.06101496706930695,0
0.6157744059169002,-0.6551673278653316,0.4763949001036436,-0.01458171613631488,1.4370995217817384,1
-0.9029590253951982,-0.2944432865786794,0.5418413647980104,0.21714740960805015,-0.26351873989287206,0
1.6493169525396152,1.5569178729596151,-0.8612408995988636,1.4080387346331047,-0.41484297383120344,0
-0.23522145975222505,-0.5189398515254181,1.202023329426553,0.760094995153273,0.9110676357684505,1
0.35480080132923036,-1.3259309476878105,-1.6453918674487877,-0.2050940058330701,0.7095027683941012,0
0.012955884326810599,-0.541183896363267,0.9170337742547089,0.8543784098309416,1.0091109722281093,1
1.4157848813247005,1.1151269912126727,-0.8831395694041299,0.551183874605065,-0.2228054317785779,0
1.1122725712942854,0.35863684305339677,-1.26124259443044,0.6609392673627031,0.014261329779469608,0
-0.14113460733436065,-1.5801028918036217,-1.2190399947942736,2.1320341639355354,0.7203640821833744,0
0.7166653870635677,1.0255464462876556,-0.31629694422580557,-0.14114945196990808,-0.47981911189235227,0
0.6771618481102528,0.3562365612592765,-0.793336806324832,-0.877085761500205,-0.13526026317525375,0
-0.8593109611838321,-0.48895998056214773,0.8846336983434131,2.4751037936946454,0.14194848324964152,1
0.021199566302557336,0.10899286648616902,-0.24411002489477174,2.681792203706794,-0.2128199582639668,0
-0.35898222105150385,0.8005890647114169,1.4768468071148377,0.15786489166692413,-0.30550140096480427,1
-0.24677467734107883,0.24571337222114345,1.0392149723963253,-1.1562446303842144,0.09089229983606678,1
1.004150363699847,-0.31298098963652,-1.6699111461989702,0.3461677284122022,0.33419802992742315,0
-0.9632299014205866,-0.7718803866894121,0.05619181586892919,2.3094723828454864,-0.12410478168465744,0
-0.1185156664943935,0.6580249430211556,0.40179493858205795,1.2153792566836084,-0.5187333547892952,0
-1.0817939664187122,-0.760956841559136,1.050364512476933,-1.2568824888230608,0.2827646479495649,1
1.5566701780166503,0.7325205737926163,-1.658975040673806,-0.004379362415245389,-0.14201873934148115,0
0.165306312514887,0.15620253337374143,-0.3450104474818353,-1.090743427342769,-0.17860340527356866,0
-2.300175595831417,1.1249629576624867,0.6555532152290152,-0.2704683168745044,-2.8286688984142936,1
-1.5733219883127665,-0.32422679269721766,0.5418721512146231,0.5550698499003218,-0.8506179757485524,1
0.6412082078157447,-0.5929212838801552,-1.3926537842095708,-1.66217615093538,0.4126187755777366,0
-0.12133964940193002,1.1568958974342132,1.236053490920869,-0.8384655519421622,-0.5518842278800927,1
0.377931945609999,0.39991829433800224,-0.26480116072130927,-0.5314657110187716,-0.1715810972760044,0
-1.6239845342198238,1.1045122734609292,1.0998097734372816,0.9300187354159763,-1.953616960605382,1
-1.6209432494164249,-3.5692495382576626,-1.3004270217885308,1.977137971911278,1.2009606057658435,0
0.07297792604252276,-1.4895696471534514,0.5216156238885648,-0.8455009017017967,1.7522361214796824,1
0.9762925387612645,-0.46049713134854575,1.2512300242319505,0.6628753279556655,1.993800901166965,1
0.18709177658357048,-1.050554254592724,-1.4358405453104666,0.31780628022504526,0.4059169560021467,0
0.7007661037253691,1.0558614446819732,-0.24963792384239034,-0.11212692421243707,-0.4878228164096453,0
1.3194406906369607,2.580622646989967,0.1947865419326589,1.5546942763675475,-1.1273763648868578,0
-1.019285539708192,1.4070743273272608,0.8985721377788957,-0.5246089050704921,-1.7913201785193582,1
1.4223370411054759,-0.5408317848593452,1.1910594499432086,-0.8063531317573507,2.4473697861575427,1
0.9594743859350402,-0.12109305505382896,-1.618489506769982,-0.8576809626106451,0.13885750158322302,0
0.21754959677028132,0.8656225016774924,1.6657110798725927,0.5641207875575213,0.2620719195637899,1
1.1200798019112097,0.7506926051550292,-0.9536703162003827,0.3419811155583173,-0.18675110301973238,0
0.586018741198802,-0.3592339893097459,-1.179313908091411,-0.566904807448271,0.2537554535866667,0
-0.8033751019900448,-0.24598775616604895,0.45588224458167836,0.11719641072174035,-0.26344058060840253,0
-0.06997789204973566,-0.8892725881229471,0.3254962189390302,-0.5747518263808159,0.9493225356250394,1
0.3160631226007782,-0.15271113687914772,1.2679411395761004,-1.8675168177201584,1.1054588467274344,1
-0.5050244589884434,-1.0289620237515806,0.639598197032503,-0.22862654512282804,0.848367765644456,1
3.076191980273977,1.7024794707678272,-2.442147504736252,0.9297058114029667,-0.07937394965083588,0
0.2979323908227975,0.3448400181599552,-0.36678916218796276,-2.1012348576201996,-0.24686301864302154,0
1.401421022149557,0.632468088122878,-1.5204601483301914,0.7095222746787095,-0.11656628400260471,0
-1.283978837053262,-1.2648513756672468,0.2954601529828473,0.7166788807639601,0.17448790322243488,0
1.4183456962563648,2.182172464170911,-0.13239960858812666,1.9832639966040195,-0.8327462613822513,0
0.5757135321597403,-1.6850859396669566,-2.24807424332457,-1.269166381414026,0.9331729480893127,0
1.7978939232890585,0.7549903814681485,-1.6284019697740106,1.021822875255208,0.07430690105844331,0
0.7185515134554339,0.892023351204094,-0.5015424698674738,-0.579165310424214,-0.44977917839415243,0
0.6089526115490573,-0.28656302246735144,-1.1902089764021868,-0.2915315111525688,0.2002876640981759,0
-1.3454921750372024,-0.7556011254594527,0.12457803848264185,-0.10577827148979875,-0.4541822077353709,1
0.4871073433900408,1.2738122416134514,0.2018170019131183,-0.8188511181754394,-0.6512598495492592,0
0.9156980710502308,0.6893336661663931,1.60168557709617,-1.62463697382523,1.0357758579876357,1
1.4764854777046241,1.4328340303109712,-0.7022098524956819,0.010206666808935231,-0.3719374118382862,0
-0.015759316656639447,-0.8792640654939646,-0.974215486115196,-0.5745542500969746,0.3019258155383739,0
-0.5661394558841364,1.0627044641988832,1.2794946592300243,-0.23567996508141842,-0.8480457635633512,1
1.3420328651905555,0.5313634079313719,-1.3608958501934727,-0.0508307476139871,0.009005227049796704,0
0.5012996054217844,-1.4072337525813692,0.9940846161557662,-0.7077550387435402,2.317463531072424,1
-0.2676835651083316,0.005739315186761995,0.962394209850025,0.08137298103419878,0.25809032059532544,1
-0.8412926131638704,0.7145847916780771,1.1999253431688748,1.0013346646098333,-0.8133453607256534,1
-1.1326420799742831,-1.6603409112455305,-0.3534118535969357,-1.6050528889914732,0.3442338368795806,0
-0.6338036137664772,-0.6973420777139936,0.6411018553563789,-0.4399752816327769,0.41722243161387,1
0.7309377758363181,-0.034625594201012765,1.7023900677258699,-1.2028433759609982,1.6044048100405413,1
-1.8287067619978346,0.4631480715754922,0.33511212620392816,-0.5342577707828182,-1.9393462830874395,1
-0.5681124998898689,-1.5446351093449553,-0.8707374031262246,0.35212583169129114,0.4791973605215846,0
0.22230109213909324,-0.3214283600078882,0.8221155058977248,0.5376643423901173,0.94312876515873,1
0.5706690073642005,-0.2898867027870508,-1.2309383170884498,1.7459309224869224,0.1467431470820769,0
2.940143968743497,3.0461272292969555,-1.1561670971555127,0.10874385250654993,-0.7950246114065486,0
1.121160848314785,0.6566919708135208,-1.035249806244717,0.29574979776070226,-0.13999085707057743,0
0.30756879971798334,-0.6691786802010844,-1.2627525927731833,1.1744383654233965,0.2472657706806816,0
-1.3993657225265013,1.2685461278957173,0.689310377018326,-0.1123974441678581,-2.119840387447999,1
0.570042355972823,-0.5989413103067647,-1.4052291582641114,-0.5080024358807566,0.3463408177830513,0
-0.7573558304789731,0.20079000886947015,0.668444551193499,-0.7374164129215064,-0.5314226228724215,1
-0.4348015782945284,1.515872456758474,1.1592767671715383,-0.13515625337509307,-1.219841565977322,1
-0.4972433209187252,-1.4411310324499005,-0.93878250060242,0.9381769150999494,0.41031754028271017,0
-1.0033473968825768,-0.03603784886298782,1.1200827767826926,0.5760102450877213,-0.2941798113033434,1
0.19922303888407158,-0.8215957921923434,-1.058367033364231,-0.3685241782882327,0.4001628975664814,0
0.8236172813394204,0.6538753641306017,-0.5992155438687743,0.4461202649504034,-0.17971601780408752,0
0.8343996098737002,-1.1161461020837542,1.218906831924014,0.77169510024476,2.466761848511069,1
0.6273344140223761,0.16526818772375196,-0.8652339329142971,-1.4761527097101406,-0.0383635784383383,0
-0.6716508183153316,0.06294458776536604,0.6527268808803622,1.8873717598553321,-0.33066102333480674,1
-0.8657050813413042,0.19163045871483514,0.41726650569707585,-0.5671918644731317,-0.7551065501383479,1
1.173303385314157,0.8229518894166268,-0.8714226235447883,-0.3867998902097586,-0.16274506089747262,0
0.2874201790422846,-1.0228833179431813,-1.3619455008179961,-0.03150626299190884,0.5109231138513909,0
-1.1561188514090346,-1.0531012507168223,0.2940652326022019,-0.15308942978028237,0.0907724896367218,1
0.026418548481718727,0.5314716997273199,0.0956597151956128,0.2665494090973408,-0.4279548016992338,0
-0.5133544526690709,-0.17264013037060866,0.14518772172231195,1.5150423373388877,-0.23103002749244875,0
0.18268443234170903,-0.7999430189837102,-1.1235810412340992,-0.2293844359863266,0.32999206469621006,0
0.8888303105793797,-0.11837746409254077,1.115671887941195,-0.4653321637536486,1.5181237437802142,1
0.7584407022613279,-0.020381276479056413,1.0011094735810608,-0.3773659993586446,1.2451164463580067,1
0.33870725754178366,-1.0771058402969256,-1.5651093885415814,-0.2975317114484318,0.5017998133918196,0
-0.7041279155773827,-2.565782136334314,-0.47207069783274813,0.3341488699198373,1.5313871498857778,1
1.1653192539063701,0.4633019772186632,-1.179856123564476,-1.057607886815722,0.006990611743083455,0
0.2619368109894632,0.05616029429221577,-0.5256442025480775,-0.12170525209552241,-0.09083787760718522,0
1.6180775083205046,1.497125737018474,-0.9868630900888152,-0.38424065894303694,-0.45341578754691036,0
-0.5393198646113863,0.6025104141161397,1.4058820819606486,-0.5780008525359616,-0.32117335878788733,1
0.2874005762622392,-0.4571124918888041,0.9087625135817979,1.336396526738919,1.1770951220439496,1
0.4070477214684961,-0.6042253610152523,-1.1928452888296908,0.20870673451700764,0.3141099458272773,0
-0.7700235523628504,-0.6159744812223085,0.8308076681951527,-0.14959324722464992,0.31558764031389774,1
0.6556380204388055,-0.4410681309570309,0.7920494272391135,-0.2019536731928069,1.438148632577782,1
-0.6178988590755539,-0.9343878181807757,0.5099688570613363,0.40389271970783575,0.5867022234033006,1
0.004922463496496656,-0.3409367839551607,1.4300881714151747,-0.39211285665271817,1.0837495379363715,1
1.5349997069389687,2.6763886110725488,0.05506919127055558,0.32622469724176445,-1.0940541763585998,0
-1.5632933642011206,-0.14665533892378652,0.3003503725040704,1.267780336455305,-1.1372029397182752,1
-0.4282781293364956,-0.9356025450324413,0.4446871964155459,-0.8214609490518766,0.727353747834171,0
0.72872201415177,0.8999606423889829,-0.41883373923373224,0.6605696269587408,-0.4041913939925631,0
1.0512058611523,1.187734255358544,-0.3527239513630167,0.6836042508961765,-0.34547832930064776,0
-0.8139108871967556,-0.5370937482754746,0.13573721350809356,-0.7913101887838644,-0.16709206977256885,0
-0.4037397374949178,0.1680518813175269,1.0092094434894257,1.178383065346641,0.004419924391162474,1
1.057149215812791,0.46193643992894495,1.1222936965708337,0.017128390173766526,1.1270924315303221,1
-1.701048185044184,-0.8482466442277962,0.2910666217824764,0.24786528707273045,-0.6047880101849842,1
-1.3974134233345519,-0.7759555318937422,0.028142365710926757,-0.3950205166738286,-0.5336063829817904,1
-0.9006601187723762,-1.3146588167091222,0.49967581944250045,-1.5915850352191572,0.681492303705648,1
-2.020824887555277,0.49479537037585386,-0.38000817861482306,1.5649594671218654,-2.5240014949975746,1
0.578369797814197,-1.4875508789525216,0.9146116324017102,1.4224689131998969,2.4221392920025306,1
-0.40510278430599256,0.6558724136675078,0.9457767613120457,-0.7304093138021747,-0.4919141101012535,1
1.2836925376073627,2.0076798310124984,-0.13173450504468504,0.6037646604222309,-0.7909009004554562,0
1.3576058031272058,1.5887279114083068,-0.48563776820616694,0.6103498965790364,-0.5139494209407065,0
0.5959071740091894,-0.5155423638468024,-1.412716079011469,-0.24747952180731442,0.28721690386554233,0
-0.6515518273158897,-0.3229847027517397,0.48136337894382253,-0.2866900965309032,-0.0377613798716088,1
0.42570315910464324,0.21633161569931503,-0.622201082709124,0.1499742482476698,-0.14314992181097094,0
-0.036175330387302064,-1.167118159017766,0.4608547561548033,-0.22668647469316916,1.3148337080777814,1
-1.4333887129357834,-0.014126629515245397,0.7677561640555577,-0.5844923131779873,-0.8960435775769169,1
0.31608409918715374,1.2880811527576619,0.457242305469856,0.0656548826610516,-0.6865848484005447,0
-0.868660873206266,1.1480768042891565,1.6854251299373482,-0.7021409900605509,-0.9917024065832932,1
1.2446839693601859,-1.842112632512553,0.8902251091527211,-0.5588373330859249,3.3562589725257497,1
1.8258195221681919,0.8340424617416958,-1.801379903971577,0.17096737824034067,-0.06637620893300122,0
-0.5494719192965267,0.0077284871030884866,1.250766351187717,1.5899503234171226,0.1501496966246323,1
-1.782438332177421,-1.0200230456528956,-0.028960396855431378,0.41263933251594,-0.6863068122905553,1
0.12762073083796677,-0.2439388495448533,-0.7083684096089414,-2.0610824593082584,-0.02688200040512638,0
1.5145533656683665,1.4167186744119455,-0.8631481840578791,1.2979893578237187,-0.4069045756112071,0
0.7124459053290397,0.27637944621561933,-0.8181162158742178,0.12422669979582696,-0.04043415818427075,0
1.8715637534305545,0.5735083179838757,-2.02258180919662,-0.7956376760474271,0.10505732369259776,0
0.28229997461801315,-0.28915307677822627,-0.7687615613016606,-0.3216203836060189,0.1259123101192201,0
-0.8251574679132893,0.5125673104023024,1.1916879865550123,-2.9491177232461885,-0.6117683441786762,1
-0.6096188489066202,-0.18908389898566014,0.9301736348844135,0.3323668859924611,0.11151587007304525,1
-0.0889045409998246,0.017097861888413647,0.9626662836686041,-1.2730266154530026,0.4115806145999664,1
1.3738636655247123,-0.37148014366131155,1.1802439243628462,0.8157239233909057,2.2369346783851376,1
0.8734777476950901,0.9615728759296497,0.8764808035764037,1.2174438727035917,0.35574812375155834,1
-0.8241563404240213,1.123315195280447,0.9090489405386286,-0.6671892591763602,-1.3382168235594887,1
-0.19328014281160316,-0.09090139524789673,-0.09459731030941046,0.3547715885216846,-0.1414543770563396,0
-1.0614633517135923,-3.2785707045188475,-1.7894112187778988,1.3240355025449229,1.1807455354421212,0
-2.0902665593992906,0.3016060308688489,0.5449607259576102,-0.885782419174287,-1.9155532816896266,1
-0.7355445328435843,-1.128256839140031,-0.35952084065959206,-0.8549572697538242,0.20208075658198085,0
-2.1592501697428577,0.13069198717133532,-0.1392889449552777,0.8568217917278855,-2.179214979570729,1
0.3464758879430013,-0.9098888428890634,1.3232475478587395,-0.6433691614217408,1.8789914421051006,1
-0.2655577779646082,-0.493230577943942,-0.406334575623881,-1.2394444735440768,0.00789962788313101,0
0.3408098815922033,0.6509154606961524,-0.32270754052327616,-2.2448898112286093,-0.4737573632027458,0
-1.4822700159583613,-0.6095554864755821,0.3414313117387146,0.21062307687745227,-0.6031560048046852,1
-0.6156561076849774,0.7375967402907091,0.9925176430498738,-0.7303673199839785,-0.7377577502711508,0
1.1538597827566262,0.15310705500488322,1.7636428015551449,1.4278221279762424,1.8473825301113636,1
